{"states": ["STILL", "MOVE"], "bin_edges": [0.0, 0.2, 0.4, 0.6, 0.8, 1.0, 1.2, 1.4, 1.6, 1.8, 2.0, 2.2, 2.4, 2.6, 2.8, 3.0, 3.5, 4.0, 4.5, 5.0, 6.0, 7.0, 8.0, 9.0, 10.0, 12.0, 14.0, 16.0, 18.0, 20.0, 25.0, 30.0, 35.0, 40.0, 45.0, 50.0], "emission_probability": {"STILL": [0.40157936430712304, 0.40157936430712304, 0.13200896619151214, 0.043312895022097724, 0.014413575337683336, 0.004717435589757842, 0.0015972928602828336, 0.0005249308021280164, 0.0001634873405624418, 6.235498128333255e-05, 2.28595036950413e-05, 7.899095517658241e-06, 3.1117649008956774e-06, 3.111764900895671e-06, 1.1968326541906437e-07, 7.180995925143857e-07, 1.1968326541906437e-07, 1.1968326541906437e-07, 1.1968326541906437e-07, 1.1968326541906437e-07, 1.1968326541906437e-07, 1.1968326541906437e-07, 1.1968326541906437e-07, 1.1968326541906437e-07, 1.1968326541906437e-07, 1.1968326541906437e-07, 1.1968326541906437e-07, 1.1968326541906437e-07, 1.1968326541906437e-07, 1.1968326541906437e-07, 1.1968326541906437e-07, 1.1968326541906437e-07, 1.1968326541906437e-07, 1.1968326541906437e-07, 1.1968326541906437e-07, 1.1968326541906437e-07, 1.1968326541906437e-07], "MOVE": [0.027091877459277124, 0.027091877459277124, 0.02726739545338188, 0.02751042036829616, 0.027247143377139012, 0.026977115693900943, 0.027071625383034273, 0.026943362233496183, 0.02709862815135805, 0.027118880227600936, 0.027517171060377113, 0.026882606004767582, 0.026302046485805756, 0.02633579994621046, 0.027085126767196207, 0.027112129535519957, 0.027627882410504723, 0.0266719844118419, 0.02711482981235236, 0.026655782750847616, 0.027247143377139023, 0.027091877459277124, 0.027064874690953315, 0.026990617078062842, 0.026908258634675226, 0.027181661663953787, 0.027071625383034266, 0.02690353315021856, 0.027036521784213317, 0.026811048668709515, 0.0270413822825116, 0.02688233597708437, 0.027054073583623793, 0.02698764677354722, 0.026964154365105512, 0.027019780067852554, 0.027019780067852554]}, "transition_probability": {"STILL": {"STILL": 0.99, "MOVE": 0.01}, "MOVE": {"STILL": 0.01, "MOVE": 0.99}}, "init_probability": {"STILL": 0.5, "MOVE": 0.5}}